"Country Name";"Country Code";"Series Name";"Series Code";"YR2020"
"Afghanistan";"AFG";"Surface area (sq. km)";"AG.SRF.TOTL.K2";652860
"Afghanistan";"AFG";"Population, total";"SP.POP.TOTL";38972230
"Albania";"ALB";"Surface area (sq. km)";"AG.SRF.TOTL.K2";28750
"Albania";"ALB";"Population, total";"SP.POP.TOTL";2837849
"Algeria";"DZA";"Surface area (sq. km)";"AG.SRF.TOTL.K2";2381741
"Algeria";"DZA";"Population, total";"SP.POP.TOTL";43451666
"American Samoa";"ASM";"Surface area (sq. km)";"AG.SRF.TOTL.K2";200
"American Samoa";"ASM";"Population, total";"SP.POP.TOTL";46189
"Andorra";"AND";"Surface area (sq. km)";"AG.SRF.TOTL.K2";470
"Andorra";"AND";"Population, total";"SP.POP.TOTL";77700
"Angola";"AGO";"Surface area (sq. km)";"AG.SRF.TOTL.K2";1246700
"Angola";"AGO";"Population, total";"SP.POP.TOTL";33428486
"Antigua and Barbuda";"ATG";"Surface area (sq. km)";"AG.SRF.TOTL.K2";440
"Antigua and Barbuda";"ATG";"Population, total";"SP.POP.TOTL";92664
"Argentina";"ARG";"Surface area (sq. km)";"AG.SRF.TOTL.K2";2780400
"Argentina";"ARG";"Population, total";"SP.POP.TOTL";45376763
"Armenia";"ARM";"Surface area (sq. km)";"AG.SRF.TOTL.K2";29740
"Armenia";"ARM";"Population, total";"SP.POP.TOTL";2805608
"Aruba";"ABW";"Surface area (sq. km)";"AG.SRF.TOTL.K2";180
"Aruba";"ABW";"Population, total";"SP.POP.TOTL";106585
"Australia";"AUS";"Surface area (sq. km)";"AG.SRF.TOTL.K2";7741220
"Australia";"AUS";"Population, total";"SP.POP.TOTL";25649248
"Austria";"AUT";"Surface area (sq. km)";"AG.SRF.TOTL.K2";83879
"Austria";"AUT";"Population, total";"SP.POP.TOTL";8916864
"Azerbaijan";"AZE";"Surface area (sq. km)";"AG.SRF.TOTL.K2";86600
"Azerbaijan";"AZE";"Population, total";"SP.POP.TOTL";10093121
"Bahamas, The";"BHS";"Surface area (sq. km)";"AG.SRF.TOTL.K2";13880
"Bahamas, The";"BHS";"Population, total";"SP.POP.TOTL";406471
"Bahrain";"BHR";"Surface area (sq. km)";"AG.SRF.TOTL.K2";785
"Bahrain";"BHR";"Population, total";"SP.POP.TOTL";1477469
"Bangladesh";"BGD";"Surface area (sq. km)";"AG.SRF.TOTL.K2";147570
"Bangladesh";"BGD";"Population, total";"SP.POP.TOTL";167420951
"Barbados";"BRB";"Surface area (sq. km)";"AG.SRF.TOTL.K2";430
"Barbados";"BRB";"Population, total";"SP.POP.TOTL";280693
"Belarus";"BLR";"Surface area (sq. km)";"AG.SRF.TOTL.K2";207610
"Belarus";"BLR";"Population, total";"SP.POP.TOTL";9379952
"Belgium";"BEL";"Surface area (sq. km)";"AG.SRF.TOTL.K2";30530
"Belgium";"BEL";"Population, total";"SP.POP.TOTL";11538604
"Belize";"BLZ";"Surface area (sq. km)";"AG.SRF.TOTL.K2";22970
"Belize";"BLZ";"Population, total";"SP.POP.TOTL";394921
"Benin";"BEN";"Surface area (sq. km)";"AG.SRF.TOTL.K2";114760
"Benin";"BEN";"Population, total";"SP.POP.TOTL";12643123
"Bermuda";"BMU";"Surface area (sq. km)";"AG.SRF.TOTL.K2";4290
"Bermuda";"BMU";"Population, total";"SP.POP.TOTL";63893
"Bhutan";"BTN";"Surface area (sq. km)";"AG.SRF.TOTL.K2";38390
"Bhutan";"BTN";"Population, total";"SP.POP.TOTL";772506
"Bolivia";"BOL";"Surface area (sq. km)";"AG.SRF.TOTL.K2";1098580
"Bolivia";"BOL";"Population, total";"SP.POP.TOTL";11936162
"Bosnia and Herzegovina";"BIH";"Surface area (sq. km)";"AG.SRF.TOTL.K2";51210
"Bosnia and Herzegovina";"BIH";"Population, total";"SP.POP.TOTL";3318407
"Botswana";"BWA";"Surface area (sq. km)";"AG.SRF.TOTL.K2";581730
"Botswana";"BWA";"Population, total";"SP.POP.TOTL";2546402
"Brazil";"BRA";"Surface area (sq. km)";"AG.SRF.TOTL.K2";8515770
"Brazil";"BRA";"Population, total";"SP.POP.TOTL";213196304
"British Virgin Islands";"VGB";"Surface area (sq. km)";"AG.SRF.TOTL.K2";150
"British Virgin Islands";"VGB";"Population, total";"SP.POP.TOTL";30910
"Brunei Darussalam";"BRN";"Surface area (sq. km)";"AG.SRF.TOTL.K2";5770
"Brunei Darussalam";"BRN";"Population, total";"SP.POP.TOTL";441725
"Bulgaria";"BGR";"Surface area (sq. km)";"AG.SRF.TOTL.K2";111000
"Bulgaria";"BGR";"Population, total";"SP.POP.TOTL";6934015
"Burkina Faso";"BFA";"Surface area (sq. km)";"AG.SRF.TOTL.K2";274220
"Burkina Faso";"BFA";"Population, total";"SP.POP.TOTL";21522626
"Burundi";"BDI";"Surface area (sq. km)";"AG.SRF.TOTL.K2";27830
"Burundi";"BDI";"Population, total";"SP.POP.TOTL";12220227
"Cabo Verde";"CPV";"Surface area (sq. km)";"AG.SRF.TOTL.K2";4030
"Cabo Verde";"CPV";"Population, total";"SP.POP.TOTL";582640
"Cambodia";"KHM";"Surface area (sq. km)";"AG.SRF.TOTL.K2";181040
"Cambodia";"KHM";"Population, total";"SP.POP.TOTL";16396860
"Cameroon";"CMR";"Surface area (sq. km)";"AG.SRF.TOTL.K2";475440
"Cameroon";"CMR";"Population, total";"SP.POP.TOTL";26491087
"Canada";"CAN";"Surface area (sq. km)";"AG.SRF.TOTL.K2";9879750
"Canada";"CAN";"Population, total";"SP.POP.TOTL";38028638
"Cayman Islands";"CYM";"Surface area (sq. km)";"AG.SRF.TOTL.K2";264
"Cayman Islands";"CYM";"Population, total";"SP.POP.TOTL";67311
"Central African Republic";"CAF";"Surface area (sq. km)";"AG.SRF.TOTL.K2";622980
"Central African Republic";"CAF";"Population, total";"SP.POP.TOTL";5343020
"Chad";"TCD";"Surface area (sq. km)";"AG.SRF.TOTL.K2";1284000
"Chad";"TCD";"Population, total";"SP.POP.TOTL";16644701
"Channel Islands";"CHI";"Surface area (sq. km)";"AG.SRF.TOTL.K2";198
"Channel Islands";"CHI";"Population, total";"SP.POP.TOTL";171113
"Chile";"CHL";"Surface area (sq. km)";"AG.SRF.TOTL.K2";756700
"Chile";"CHL";"Population, total";"SP.POP.TOTL";19300315
"China";"CHN";"Surface area (sq. km)";"AG.SRF.TOTL.K2";9562910
"China";"CHN";"Population, total";"SP.POP.TOTL";1411100000
"Colombia";"COL";"Surface area (sq. km)";"AG.SRF.TOTL.K2";1140619,05
"Colombia";"COL";"Population, total";"SP.POP.TOTL";50930662
"Comoros";"COM";"Surface area (sq. km)";"AG.SRF.TOTL.K2";1861
"Comoros";"COM";"Population, total";"SP.POP.TOTL";806166
"Congo, Dem. Rep.";"COD";"Surface area (sq. km)";"AG.SRF.TOTL.K2";2344860
"Congo, Dem. Rep.";"COD";"Population, total";"SP.POP.TOTL";92853164
"Congo, Rep.";"COG";"Surface area (sq. km)";"AG.SRF.TOTL.K2";342000
"Congo, Rep.";"COG";"Population, total";"SP.POP.TOTL";5702174
"Costa Rica";"CRI";"Surface area (sq. km)";"AG.SRF.TOTL.K2";51100
"Costa Rica";"CRI";"Population, total";"SP.POP.TOTL";5123105
"Cote d'Ivoire";"CIV";"Surface area (sq. km)";"AG.SRF.TOTL.K2";322460
"Cote d'Ivoire";"CIV";"Population, total";"SP.POP.TOTL";26811790
"Croatia";"HRV";"Surface area (sq. km)";"AG.SRF.TOTL.K2";88070
"Croatia";"HRV";"Population, total";"SP.POP.TOTL";4047680
"Cuba";"CUB";"Surface area (sq. km)";"AG.SRF.TOTL.K2";109880
"Cuba";"CUB";"Population, total";"SP.POP.TOTL";11300698
"Curacao";"CUW";"Surface area (sq. km)";"AG.SRF.TOTL.K2";444
"Curacao";"CUW";"Population, total";"SP.POP.TOTL";154947
"Cyprus";"CYP";"Surface area (sq. km)";"AG.SRF.TOTL.K2";9250
"Cyprus";"CYP";"Population, total";"SP.POP.TOTL";1237537
"Czechia";"CZE";"Surface area (sq. km)";"AG.SRF.TOTL.K2";78871,01
"Czechia";"CZE";"Population, total";"SP.POP.TOTL";10697858
"Denmark";"DNK";"Surface area (sq. km)";"AG.SRF.TOTL.K2";42920
"Denmark";"DNK";"Population, total";"SP.POP.TOTL";5831404
"Djibouti";"DJI";"Surface area (sq. km)";"AG.SRF.TOTL.K2";23200
"Djibouti";"DJI";"Population, total";"SP.POP.TOTL";1090156
"Dominica";"DMA";"Surface area (sq. km)";"AG.SRF.TOTL.K2";750
"Dominica";"DMA";"Population, total";"SP.POP.TOTL";71995
"Dominican Republic";"DOM";"Surface area (sq. km)";"AG.SRF.TOTL.K2";146839,31
"Dominican Republic";"DOM";"Population, total";"SP.POP.TOTL";10999664
"Ecuador";"ECU";"Surface area (sq. km)";"AG.SRF.TOTL.K2";256370
"Ecuador";"ECU";"Population, total";"SP.POP.TOTL";17588595
"Egypt, Arab Rep.";"EGY";"Surface area (sq. km)";"AG.SRF.TOTL.K2";1001450
"Egypt, Arab Rep.";"EGY";"Population, total";"SP.POP.TOTL";107465134
"El Salvador";"SLV";"Surface area (sq. km)";"AG.SRF.TOTL.K2";21040
"El Salvador";"SLV";"Population, total";"SP.POP.TOTL";6292731
"Equatorial Guinea";"GNQ";"Surface area (sq. km)";"AG.SRF.TOTL.K2";28050
"Equatorial Guinea";"GNQ";"Population, total";"SP.POP.TOTL";1596049
"Eritrea";"ERI";"Surface area (sq. km)";"AG.SRF.TOTL.K2";121630,327
"Eritrea";"ERI";"Population, total";"SP.POP.TOTL";3555868
"Estonia";"EST";"Surface area (sq. km)";"AG.SRF.TOTL.K2";45340
"Estonia";"EST";"Population, total";"SP.POP.TOTL";1329522
"Eswatini";"SWZ";"Surface area (sq. km)";"AG.SRF.TOTL.K2";17360
"Eswatini";"SWZ";"Population, total";"SP.POP.TOTL";1180655
"Ethiopia";"ETH";"Surface area (sq. km)";"AG.SRF.TOTL.K2";1136239,544
"Ethiopia";"ETH";"Population, total";"SP.POP.TOTL";117190911
"Faroe Islands";"FRO";"Surface area (sq. km)";"AG.SRF.TOTL.K2";12959,67
"Faroe Islands";"FRO";"Population, total";"SP.POP.TOTL";52415
"Fiji";"FJI";"Surface area (sq. km)";"AG.SRF.TOTL.K2";18270
"Fiji";"FJI";"Population, total";"SP.POP.TOTL";920422
"Finland";"FIN";"Surface area (sq. km)";"AG.SRF.TOTL.K2";338460
"Finland";"FIN";"Population, total";"SP.POP.TOTL";5529543
"France";"FRA";"Surface area (sq. km)";"AG.SRF.TOTL.K2";549086,87
"France";"FRA";"Population, total";"SP.POP.TOTL";67571107
"French Polynesia";"PYF";"Surface area (sq. km)";"AG.SRF.TOTL.K2";3471
"French Polynesia";"PYF";"Population, total";"SP.POP.TOTL";301920
"Gabon";"GAB";"Surface area (sq. km)";"AG.SRF.TOTL.K2";267670
"Gabon";"GAB";"Population, total";"SP.POP.TOTL";2292573
"Gambia, The";"GMB";"Surface area (sq. km)";"AG.SRF.TOTL.K2";11300
"Gambia, The";"GMB";"Population, total";"SP.POP.TOTL";2573995
"Georgia";"GEO";"Surface area (sq. km)";"AG.SRF.TOTL.K2";69700
"Georgia";"GEO";"Population, total";"SP.POP.TOTL";3722716
"Germany";"DEU";"Surface area (sq. km)";"AG.SRF.TOTL.K2";357590
"Germany";"DEU";"Population, total";"SP.POP.TOTL";83160871
"Ghana";"GHA";"Surface area (sq. km)";"AG.SRF.TOTL.K2";238530
"Ghana";"GHA";"Population, total";"SP.POP.TOTL";32180401
"Gibraltar";"GIB";"Surface area (sq. km)";"AG.SRF.TOTL.K2";10
"Gibraltar";"GIB";"Population, total";"SP.POP.TOTL";32709
"Greece";"GRC";"Surface area (sq. km)";"AG.SRF.TOTL.K2";131960
"Greece";"GRC";"Population, total";"SP.POP.TOTL";10698599
"Greenland";"GRL";"Surface area (sq. km)";"AG.SRF.TOTL.K2";410450
"Greenland";"GRL";"Population, total";"SP.POP.TOTL";56367
"Grenada";"GRD";"Surface area (sq. km)";"AG.SRF.TOTL.K2";340
"Grenada";"GRD";"Population, total";"SP.POP.TOTL";123663
"Guam";"GUM";"Surface area (sq. km)";"AG.SRF.TOTL.K2";540
"Guam";"GUM";"Population, total";"SP.POP.TOTL";169231
"Guatemala";"GTM";"Surface area (sq. km)";"AG.SRF.TOTL.K2";108890
"Guatemala";"GTM";"Population, total";"SP.POP.TOTL";16858333
"Guinea";"GIN";"Surface area (sq. km)";"AG.SRF.TOTL.K2";245860
"Guinea";"GIN";"Population, total";"SP.POP.TOTL";13205153
"Guinea-Bissau";"GNB";"Surface area (sq. km)";"AG.SRF.TOTL.K2";36130
"Guinea-Bissau";"GNB";"Population, total";"SP.POP.TOTL";2015828
"Guyana";"GUY";"Surface area (sq. km)";"AG.SRF.TOTL.K2";214970
"Guyana";"GUY";"Population, total";"SP.POP.TOTL";797202
"Haiti";"HTI";"Surface area (sq. km)";"AG.SRF.TOTL.K2";27750
"Haiti";"HTI";"Population, total";"SP.POP.TOTL";11306801
"Honduras";"HND";"Surface area (sq. km)";"AG.SRF.TOTL.K2";112490
"Honduras";"HND";"Population, total";"SP.POP.TOTL";10121763
"Hong Kong SAR, China";"HKG";"Surface area (sq. km)";"AG.SRF.TOTL.K2";1110
"Hong Kong SAR, China";"HKG";"Population, total";"SP.POP.TOTL";7481000
"Hungary";"HUN";"Surface area (sq. km)";"AG.SRF.TOTL.K2";93030
"Hungary";"HUN";"Population, total";"SP.POP.TOTL";9750149
"Iceland";"ISL";"Surface area (sq. km)";"AG.SRF.TOTL.K2";103000
"Iceland";"ISL";"Population, total";"SP.POP.TOTL";366463
"India";"IND";"Surface area (sq. km)";"AG.SRF.TOTL.K2";3287260
"India";"IND";"Population, total";"SP.POP.TOTL";1396387127
"Indonesia";"IDN";"Surface area (sq. km)";"AG.SRF.TOTL.K2";1916906,77
"Indonesia";"IDN";"Population, total";"SP.POP.TOTL";271857970
"Iran, Islamic Rep.";"IRN";"Surface area (sq. km)";"AG.SRF.TOTL.K2";1745150
"Iran, Islamic Rep.";"IRN";"Population, total";"SP.POP.TOTL";87290193
"Iraq";"IRQ";"Surface area (sq. km)";"AG.SRF.TOTL.K2";435052
"Iraq";"IRQ";"Population, total";"SP.POP.TOTL";42556984
"Ireland";"IRL";"Surface area (sq. km)";"AG.SRF.TOTL.K2";70280
"Ireland";"IRL";"Population, total";"SP.POP.TOTL";4985382
"Isle of Man";"IMN";"Surface area (sq. km)";"AG.SRF.TOTL.K2";570
"Isle of Man";"IMN";"Population, total";"SP.POP.TOTL";84046
"Israel";"ISR";"Surface area (sq. km)";"AG.SRF.TOTL.K2";22070
"Israel";"ISR";"Population, total";"SP.POP.TOTL";9215100
"Italy";"ITA";"Surface area (sq. km)";"AG.SRF.TOTL.K2";302068
"Italy";"ITA";"Population, total";"SP.POP.TOTL";59438851
"Jamaica";"JAM";"Surface area (sq. km)";"AG.SRF.TOTL.K2";10990
"Jamaica";"JAM";"Population, total";"SP.POP.TOTL";2820436
"Japan";"JPN";"Surface area (sq. km)";"AG.SRF.TOTL.K2";377974
"Japan";"JPN";"Population, total";"SP.POP.TOTL";126261000
"Jordan";"JOR";"Surface area (sq. km)";"AG.SRF.TOTL.K2";89318
"Jordan";"JOR";"Population, total";"SP.POP.TOTL";10928721
"Kazakhstan";"KAZ";"Surface area (sq. km)";"AG.SRF.TOTL.K2";2724900
"Kazakhstan";"KAZ";"Population, total";"SP.POP.TOTL";18755666
"Kenya";"KEN";"Surface area (sq. km)";"AG.SRF.TOTL.K2";580370
"Kenya";"KEN";"Population, total";"SP.POP.TOTL";51985780
"Kiribati";"KIR";"Surface area (sq. km)";"AG.SRF.TOTL.K2";810
"Kiribati";"KIR";"Population, total";"SP.POP.TOTL";126463
"Korea, Dem. People's Rep.";"PRK";"Surface area (sq. km)";"AG.SRF.TOTL.K2";120540
"Korea, Dem. People's Rep.";"PRK";"Population, total";"SP.POP.TOTL";25867467
"Korea, Rep.";"KOR";"Surface area (sq. km)";"AG.SRF.TOTL.K2";100410
"Korea, Rep.";"KOR";"Population, total";"SP.POP.TOTL";51836239
"Kosovo";"XKX";"Surface area (sq. km)";"AG.SRF.TOTL.K2";".."
"Kosovo";"XKX";"Population, total";"SP.POP.TOTL";1790133
"Kuwait";"KWT";"Surface area (sq. km)";"AG.SRF.TOTL.K2";17820
"Kuwait";"KWT";"Population, total";"SP.POP.TOTL";4360444
"Kyrgyz Republic";"KGZ";"Surface area (sq. km)";"AG.SRF.TOTL.K2";199950
"Kyrgyz Republic";"KGZ";"Population, total";"SP.POP.TOTL";6579900
"Lao PDR";"LAO";"Surface area (sq. km)";"AG.SRF.TOTL.K2";236800
"Lao PDR";"LAO";"Population, total";"SP.POP.TOTL";7319399
"Latvia";"LVA";"Surface area (sq. km)";"AG.SRF.TOTL.K2";64590
"Latvia";"LVA";"Population, total";"SP.POP.TOTL";1900449
"Lebanon";"LBN";"Surface area (sq. km)";"AG.SRF.TOTL.K2";10450
"Lebanon";"LBN";"Population, total";"SP.POP.TOTL";5662923
"Lesotho";"LSO";"Surface area (sq. km)";"AG.SRF.TOTL.K2";30360
"Lesotho";"LSO";"Population, total";"SP.POP.TOTL";2254100
"Liberia";"LBR";"Surface area (sq. km)";"AG.SRF.TOTL.K2";111370
"Liberia";"LBR";"Population, total";"SP.POP.TOTL";5087584
"Libya";"LBY";"Surface area (sq. km)";"AG.SRF.TOTL.K2";1759540
"Libya";"LBY";"Population, total";"SP.POP.TOTL";6653942
"Liechtenstein";"LIE";"Surface area (sq. km)";"AG.SRF.TOTL.K2";160
"Liechtenstein";"LIE";"Population, total";"SP.POP.TOTL";38756
"Lithuania";"LTU";"Surface area (sq. km)";"AG.SRF.TOTL.K2";65290
"Lithuania";"LTU";"Population, total";"SP.POP.TOTL";2794885
"Luxembourg";"LUX";"Surface area (sq. km)";"AG.SRF.TOTL.K2";2590
"Luxembourg";"LUX";"Population, total";"SP.POP.TOTL";630419
"Macao SAR, China";"MAC";"Surface area (sq. km)";"AG.SRF.TOTL.K2";32,9
"Macao SAR, China";"MAC";"Population, total";"SP.POP.TOTL";676283
"Madagascar";"MDG";"Surface area (sq. km)";"AG.SRF.TOTL.K2";587295
"Madagascar";"MDG";"Population, total";"SP.POP.TOTL";28225177
"Malawi";"MWI";"Surface area (sq. km)";"AG.SRF.TOTL.K2";118480
"Malawi";"MWI";"Population, total";"SP.POP.TOTL";19377061
"Malaysia";"MYS";"Surface area (sq. km)";"AG.SRF.TOTL.K2";330241
"Malaysia";"MYS";"Population, total";"SP.POP.TOTL";33199993
"Maldives";"MDV";"Surface area (sq. km)";"AG.SRF.TOTL.K2";300
"Maldives";"MDV";"Population, total";"SP.POP.TOTL";514438
"Mali";"MLI";"Surface area (sq. km)";"AG.SRF.TOTL.K2";1240190
"Mali";"MLI";"Population, total";"SP.POP.TOTL";21224040
"Malta";"MLT";"Surface area (sq. km)";"AG.SRF.TOTL.K2";320
"Malta";"MLT";"Population, total";"SP.POP.TOTL";515332
"Marshall Islands";"MHL";"Surface area (sq. km)";"AG.SRF.TOTL.K2";180
"Marshall Islands";"MHL";"Population, total";"SP.POP.TOTL";43413
"Mauritania";"MRT";"Surface area (sq. km)";"AG.SRF.TOTL.K2";1030700
"Mauritania";"MRT";"Population, total";"SP.POP.TOTL";4498604
"Mauritius";"MUS";"Surface area (sq. km)";"AG.SRF.TOTL.K2";2007
"Mauritius";"MUS";"Population, total";"SP.POP.TOTL";1266014
"Mexico";"MEX";"Surface area (sq. km)";"AG.SRF.TOTL.K2";1964375
"Mexico";"MEX";"Population, total";"SP.POP.TOTL";125998302
"Micronesia, Fed. Sts.";"FSM";"Surface area (sq. km)";"AG.SRF.TOTL.K2";700
"Micronesia, Fed. Sts.";"FSM";"Population, total";"SP.POP.TOTL";112106
"Moldova";"MDA";"Surface area (sq. km)";"AG.SRF.TOTL.K2";33850
"Moldova";"MDA";"Population, total";"SP.POP.TOTL";2635130
"Monaco";"MCO";"Surface area (sq. km)";"AG.SRF.TOTL.K2";74,92
"Monaco";"MCO";"Population, total";"SP.POP.TOTL";36922
"Mongolia";"MNG";"Surface area (sq. km)";"AG.SRF.TOTL.K2";1564115,749
"Mongolia";"MNG";"Population, total";"SP.POP.TOTL";3294335
"Montenegro";"MNE";"Surface area (sq. km)";"AG.SRF.TOTL.K2";13810
"Montenegro";"MNE";"Population, total";"SP.POP.TOTL";621306
"Morocco";"MAR";"Surface area (sq. km)";"AG.SRF.TOTL.K2";446550
"Morocco";"MAR";"Population, total";"SP.POP.TOTL";36688772
"Mozambique";"MOZ";"Surface area (sq. km)";"AG.SRF.TOTL.K2";799380
"Mozambique";"MOZ";"Population, total";"SP.POP.TOTL";31178239
"Myanmar";"MMR";"Surface area (sq. km)";"AG.SRF.TOTL.K2";676590
"Myanmar";"MMR";"Population, total";"SP.POP.TOTL";53423198
"Namibia";"NAM";"Surface area (sq. km)";"AG.SRF.TOTL.K2";824290
"Namibia";"NAM";"Population, total";"SP.POP.TOTL";2489098
"Nauru";"NRU";"Surface area (sq. km)";"AG.SRF.TOTL.K2";20
"Nauru";"NRU";"Population, total";"SP.POP.TOTL";12315
"Nepal";"NPL";"Surface area (sq. km)";"AG.SRF.TOTL.K2";147180
"Nepal";"NPL";"Population, total";"SP.POP.TOTL";29348627
"Netherlands";"NLD";"Surface area (sq. km)";"AG.SRF.TOTL.K2";41540
"Netherlands";"NLD";"Population, total";"SP.POP.TOTL";17441500
"New Caledonia";"NCL";"Surface area (sq. km)";"AG.SRF.TOTL.K2";18580
"New Caledonia";"NCL";"Population, total";"SP.POP.TOTL";271080
"New Zealand";"NZL";"Surface area (sq. km)";"AG.SRF.TOTL.K2";267710
"New Zealand";"NZL";"Population, total";"SP.POP.TOTL";5090200
"Nicaragua";"NIC";"Surface area (sq. km)";"AG.SRF.TOTL.K2";130370
"Nicaragua";"NIC";"Population, total";"SP.POP.TOTL";6755895
"Niger";"NER";"Surface area (sq. km)";"AG.SRF.TOTL.K2";1267000
"Niger";"NER";"Population, total";"SP.POP.TOTL";24333639
"Nigeria";"NGA";"Surface area (sq. km)";"AG.SRF.TOTL.K2";923770
"Nigeria";"NGA";"Population, total";"SP.POP.TOTL";208327405
"North Macedonia";"MKD";"Surface area (sq. km)";"AG.SRF.TOTL.K2";25710
"North Macedonia";"MKD";"Population, total";"SP.POP.TOTL";1856124
"Northern Mariana Islands";"MNP";"Surface area (sq. km)";"AG.SRF.TOTL.K2";460
"Northern Mariana Islands";"MNP";"Population, total";"SP.POP.TOTL";49587
"Norway";"NOR";"Surface area (sq. km)";"AG.SRF.TOTL.K2";624499
"Norway";"NOR";"Population, total";"SP.POP.TOTL";5379475
"Oman";"OMN";"Surface area (sq. km)";"AG.SRF.TOTL.K2";309500
"Oman";"OMN";"Population, total";"SP.POP.TOTL";4543399
"Pakistan";"PAK";"Surface area (sq. km)";"AG.SRF.TOTL.K2";796100
"Pakistan";"PAK";"Population, total";"SP.POP.TOTL";227196741
"Palau";"PLW";"Surface area (sq. km)";"AG.SRF.TOTL.K2";460
"Palau";"PLW";"Population, total";"SP.POP.TOTL";17972
"Panama";"PAN";"Surface area (sq. km)";"AG.SRF.TOTL.K2";75320
"Panama";"PAN";"Population, total";"SP.POP.TOTL";4294396
"Papua New Guinea";"PNG";"Surface area (sq. km)";"AG.SRF.TOTL.K2";462840
"Papua New Guinea";"PNG";"Population, total";"SP.POP.TOTL";9749640
"Paraguay";"PRY";"Surface area (sq. km)";"AG.SRF.TOTL.K2";406752
"Paraguay";"PRY";"Population, total";"SP.POP.TOTL";6618695
"Peru";"PER";"Surface area (sq. km)";"AG.SRF.TOTL.K2";1285220
"Peru";"PER";"Population, total";"SP.POP.TOTL";33304756
"Philippines";"PHL";"Surface area (sq. km)";"AG.SRF.TOTL.K2";300000
"Philippines";"PHL";"Population, total";"SP.POP.TOTL";112190977
"Poland";"POL";"Surface area (sq. km)";"AG.SRF.TOTL.K2";312710
"Poland";"POL";"Population, total";"SP.POP.TOTL";37899070
"Portugal";"PRT";"Surface area (sq. km)";"AG.SRF.TOTL.K2";92230
"Portugal";"PRT";"Population, total";"SP.POP.TOTL";10297081
"Puerto Rico";"PRI";"Surface area (sq. km)";"AG.SRF.TOTL.K2";8870
"Puerto Rico";"PRI";"Population, total";"SP.POP.TOTL";3281557
"Qatar";"QAT";"Surface area (sq. km)";"AG.SRF.TOTL.K2";11490
"Qatar";"QAT";"Population, total";"SP.POP.TOTL";2760385
"Romania";"ROU";"Surface area (sq. km)";"AG.SRF.TOTL.K2";238400
"Romania";"ROU";"Population, total";"SP.POP.TOTL";19265250
"Russian Federation";"RUS";"Surface area (sq. km)";"AG.SRF.TOTL.K2";17098250
"Russian Federation";"RUS";"Population, total";"SP.POP.TOTL";145245148
"Rwanda";"RWA";"Surface area (sq. km)";"AG.SRF.TOTL.K2";26340
"Rwanda";"RWA";"Population, total";"SP.POP.TOTL";13146362
"Samoa";"WSM";"Surface area (sq. km)";"AG.SRF.TOTL.K2";2840
"Samoa";"WSM";"Population, total";"SP.POP.TOTL";214929
"San Marino";"SMR";"Surface area (sq. km)";"AG.SRF.TOTL.K2";60
"San Marino";"SMR";"Population, total";"SP.POP.TOTL";34007
"Sao Tome and Principe";"STP";"Surface area (sq. km)";"AG.SRF.TOTL.K2";960
"Sao Tome and Principe";"STP";"Population, total";"SP.POP.TOTL";218641
"Saudi Arabia";"SAU";"Surface area (sq. km)";"AG.SRF.TOTL.K2";2149690
"Saudi Arabia";"SAU";"Population, total";"SP.POP.TOTL";35997107
"Senegal";"SEN";"Surface area (sq. km)";"AG.SRF.TOTL.K2";196710
"Senegal";"SEN";"Population, total";"SP.POP.TOTL";16436120
"Serbia";"SRB";"Surface area (sq. km)";"AG.SRF.TOTL.K2";84990
"Serbia";"SRB";"Population, total";"SP.POP.TOTL";6899126
"Seychelles";"SYC";"Surface area (sq. km)";"AG.SRF.TOTL.K2";460
"Seychelles";"SYC";"Population, total";"SP.POP.TOTL";98462
"Sierra Leone";"SLE";"Surface area (sq. km)";"AG.SRF.TOTL.K2";72300
"Sierra Leone";"SLE";"Population, total";"SP.POP.TOTL";8233970
"Singapore";"SGP";"Surface area (sq. km)";"AG.SRF.TOTL.K2";728
"Singapore";"SGP";"Population, total";"SP.POP.TOTL";5685807
"Sint Maarten (Dutch part)";"SXM";"Surface area (sq. km)";"AG.SRF.TOTL.K2";34
"Sint Maarten (Dutch part)";"SXM";"Population, total";"SP.POP.TOTL";40350
"Slovak Republic";"SVK";"Surface area (sq. km)";"AG.SRF.TOTL.K2";49030
"Slovak Republic";"SVK";"Population, total";"SP.POP.TOTL";5458827
"Slovenia";"SVN";"Surface area (sq. km)";"AG.SRF.TOTL.K2";20480
"Slovenia";"SVN";"Population, total";"SP.POP.TOTL";2102419
"Solomon Islands";"SLB";"Surface area (sq. km)";"AG.SRF.TOTL.K2";28900
"Solomon Islands";"SLB";"Population, total";"SP.POP.TOTL";691191
"Somalia";"SOM";"Surface area (sq. km)";"AG.SRF.TOTL.K2";637660
"Somalia";"SOM";"Population, total";"SP.POP.TOTL";16537016
"South Africa";"ZAF";"Surface area (sq. km)";"AG.SRF.TOTL.K2";1219090
"South Africa";"ZAF";"Population, total";"SP.POP.TOTL";58801927
"South Sudan";"SSD";"Surface area (sq. km)";"AG.SRF.TOTL.K2";646883
"South Sudan";"SSD";"Population, total";"SP.POP.TOTL";10606227
"Spain";"ESP";"Surface area (sq. km)";"AG.SRF.TOTL.K2";505969,891
"Spain";"ESP";"Population, total";"SP.POP.TOTL";47365655
"Sri Lanka";"LKA";"Surface area (sq. km)";"AG.SRF.TOTL.K2";65610
"Sri Lanka";"LKA";"Population, total";"SP.POP.TOTL";21919000
"St. Kitts and Nevis";"KNA";"Surface area (sq. km)";"AG.SRF.TOTL.K2";260
"St. Kitts and Nevis";"KNA";"Population, total";"SP.POP.TOTL";47642
"St. Lucia";"LCA";"Surface area (sq. km)";"AG.SRF.TOTL.K2";620
"St. Lucia";"LCA";"Population, total";"SP.POP.TOTL";179237
"St. Martin (French part)";"MAF";"Surface area (sq. km)";"AG.SRF.TOTL.K2";50
"St. Martin (French part)";"MAF";"Population, total";"SP.POP.TOTL";32553
"St. Vincent and the Grenadines";"VCT";"Surface area (sq. km)";"AG.SRF.TOTL.K2";390
"St. Vincent and the Grenadines";"VCT";"Population, total";"SP.POP.TOTL";104632
"Sudan";"SDN";"Surface area (sq. km)";"AG.SRF.TOTL.K2";1878000
"Sudan";"SDN";"Population, total";"SP.POP.TOTL";44440486
"Suriname";"SUR";"Surface area (sq. km)";"AG.SRF.TOTL.K2";163820
"Suriname";"SUR";"Population, total";"SP.POP.TOTL";607065
"Sweden";"SWE";"Surface area (sq. km)";"AG.SRF.TOTL.K2";528860,704
"Sweden";"SWE";"Population, total";"SP.POP.TOTL";10353442
"Switzerland";"CHE";"Surface area (sq. km)";"AG.SRF.TOTL.K2";41290,7
"Switzerland";"CHE";"Population, total";"SP.POP.TOTL";8638167
"Syrian Arab Republic";"SYR";"Surface area (sq. km)";"AG.SRF.TOTL.K2";185180
"Syrian Arab Republic";"SYR";"Population, total";"SP.POP.TOTL";20772595
"Tajikistan";"TJK";"Surface area (sq. km)";"AG.SRF.TOTL.K2";141380
"Tajikistan";"TJK";"Population, total";"SP.POP.TOTL";9543207
"Tanzania";"TZA";"Surface area (sq. km)";"AG.SRF.TOTL.K2";947300
"Tanzania";"TZA";"Population, total";"SP.POP.TOTL";61704518
"Thailand";"THA";"Surface area (sq. km)";"AG.SRF.TOTL.K2";513120
"Thailand";"THA";"Population, total";"SP.POP.TOTL";71475664
"Timor-Leste";"TLS";"Surface area (sq. km)";"AG.SRF.TOTL.K2";14870
"Timor-Leste";"TLS";"Population, total";"SP.POP.TOTL";1299995
"Togo";"TGO";"Surface area (sq. km)";"AG.SRF.TOTL.K2";56790
"Togo";"TGO";"Population, total";"SP.POP.TOTL";8442580
"Tonga";"TON";"Surface area (sq. km)";"AG.SRF.TOTL.K2";750
"Tonga";"TON";"Population, total";"SP.POP.TOTL";105254
"Trinidad and Tobago";"TTO";"Surface area (sq. km)";"AG.SRF.TOTL.K2";5130
"Trinidad and Tobago";"TTO";"Population, total";"SP.POP.TOTL";1518147
"Tunisia";"TUN";"Surface area (sq. km)";"AG.SRF.TOTL.K2";163610
"Tunisia";"TUN";"Population, total";"SP.POP.TOTL";12161723
"Turkiye";"TUR";"Surface area (sq. km)";"AG.SRF.TOTL.K2";785350
"Turkiye";"TUR";"Population, total";"SP.POP.TOTL";83384680
"Turkmenistan";"TKM";"Surface area (sq. km)";"AG.SRF.TOTL.K2";488100
"Turkmenistan";"TKM";"Population, total";"SP.POP.TOTL";6250438
"Turks and Caicos Islands";"TCA";"Surface area (sq. km)";"AG.SRF.TOTL.K2";950
"Turks and Caicos Islands";"TCA";"Population, total";"SP.POP.TOTL";44276
"Tuvalu";"TUV";"Surface area (sq. km)";"AG.SRF.TOTL.K2";30
"Tuvalu";"TUV";"Population, total";"SP.POP.TOTL";11069
"Uganda";"UGA";"Surface area (sq. km)";"AG.SRF.TOTL.K2";241550
"Uganda";"UGA";"Population, total";"SP.POP.TOTL";44404611
"Ukraine";"UKR";"Surface area (sq. km)";"AG.SRF.TOTL.K2";603550
"Ukraine";"UKR";"Population, total";"SP.POP.TOTL";44207754
"United Arab Emirates";"ARE";"Surface area (sq. km)";"AG.SRF.TOTL.K2";98647,9
"United Arab Emirates";"ARE";"Population, total";"SP.POP.TOTL";9287289
"United Kingdom";"GBR";"Surface area (sq. km)";"AG.SRF.TOTL.K2";243610
"United Kingdom";"GBR";"Population, total";"SP.POP.TOTL";67081234
"United States";"USA";"Surface area (sq. km)";"AG.SRF.TOTL.K2";9831510
"United States";"USA";"Population, total";"SP.POP.TOTL";331526933
"Uruguay";"URY";"Surface area (sq. km)";"AG.SRF.TOTL.K2";176220
"Uruguay";"URY";"Population, total";"SP.POP.TOTL";3429086
"Uzbekistan";"UZB";"Surface area (sq. km)";"AG.SRF.TOTL.K2";448924
"Uzbekistan";"UZB";"Population, total";"SP.POP.TOTL";34232050
"Vanuatu";"VUT";"Surface area (sq. km)";"AG.SRF.TOTL.K2";12190
"Vanuatu";"VUT";"Population, total";"SP.POP.TOTL";311685
"Venezuela, RB";"VEN";"Surface area (sq. km)";"AG.SRF.TOTL.K2";912050
"Venezuela, RB";"VEN";"Population, total";"SP.POP.TOTL";28490453
"Viet Nam";"VNM";"Surface area (sq. km)";"AG.SRF.TOTL.K2";331340
"Viet Nam";"VNM";"Population, total";"SP.POP.TOTL";96648685
"Virgin Islands (U.S.)";"VIR";"Surface area (sq. km)";"AG.SRF.TOTL.K2";350
"Virgin Islands (U.S.)";"VIR";"Population, total";"SP.POP.TOTL";106290
"West Bank and Gaza";"PSE";"Surface area (sq. km)";"AG.SRF.TOTL.K2";6020
"West Bank and Gaza";"PSE";"Population, total";"SP.POP.TOTL";4803269
"Yemen, Rep.";"YEM";"Surface area (sq. km)";"AG.SRF.TOTL.K2";527970
"Yemen, Rep.";"YEM";"Population, total";"SP.POP.TOTL";32284046
"Zambia";"ZMB";"Surface area (sq. km)";"AG.SRF.TOTL.K2";752610
"Zambia";"ZMB";"Population, total";"SP.POP.TOTL";18927715
"Zimbabwe";"ZWE";"Surface area (sq. km)";"AG.SRF.TOTL.K2";390760
"Zimbabwe";"ZWE";"Population, total";"SP.POP.TOTL";15669666
"Africa Eastern and Southern";"AFE";"Surface area (sq. km)";"AG.SRF.TOTL.K2";15162005,871
"Africa Eastern and Southern";"AFE";"Population, total";"SP.POP.TOTL";685112979
"Africa Western and Central";"AFW";"Surface area (sq. km)";"AG.SRF.TOTL.K2";9166260
"Africa Western and Central";"AFW";"Population, total";"SP.POP.TOTL";466189102
"Arab World";"ARB";"Surface area (sq. km)";"AG.SRF.TOTL.K2";13166234,9
"Arab World";"ARB";"Population, total";"SP.POP.TOTL";449228296
"Caribbean small states";"CSS";"Surface area (sq. km)";"AG.SRF.TOTL.K2";434990
"Caribbean small states";"CSS";"Population, total";"SP.POP.TOTL";3106185
"Central Europe and the Baltics";"CEB";"Surface area (sq. km)";"AG.SRF.TOTL.K2";1166811,01
"Central Europe and the Baltics";"CEB";"Population, total";"SP.POP.TOTL";102180124
"Early-demographic dividend";"EAR";"Surface area (sq. km)";"AG.SRF.TOTL.K2";34243010,624
"Early-demographic dividend";"EAR";"Population, total";"SP.POP.TOTL";3374383528
"East Asia & Pacific";"EAS";"Surface area (sq. km)";"AG.SRF.TOTL.K2";24830629,419
"East Asia & Pacific";"EAS";"Population, total";"SP.POP.TOTL";2363934334
"East Asia & Pacific (excluding high income)";"EAP";"Surface area (sq. km)";"AG.SRF.TOTL.K2";16276443,519
"East Asia & Pacific (excluding high income)";"EAP";"Population, total";"SP.POP.TOTL";2116360715
"East Asia & Pacific (IDA & IBRD countries)";"TEA";"Surface area (sq. km)";"AG.SRF.TOTL.K2";16155923,519
"East Asia & Pacific (IDA & IBRD countries)";"TEA";"Population, total";"SP.POP.TOTL";2090523535
"Euro area";"EMU";"Surface area (sq. km)";"AG.SRF.TOTL.K2";2760483,761
"Euro area";"EMU";"Population, total";"SP.POP.TOTL";346961127
"Europe & Central Asia";"ECS";"Surface area (sq. km)";"AG.SRF.TOTL.K2";28813751,765
"Europe & Central Asia";"ECS";"Population, total";"SP.POP.TOTL";923384672
"Europe & Central Asia (excluding high income)";"ECA";"Surface area (sq. km)";"AG.SRF.TOTL.K2";23233374
"Europe & Central Asia (excluding high income)";"ECA";"Population, total";"SP.POP.TOTL";248913167
"Europe & Central Asia (IDA & IBRD countries)";"TEC";"Surface area (sq. km)";"AG.SRF.TOTL.K2";23872554
"Europe & Central Asia (IDA & IBRD countries)";"TEC";"Population, total";"SP.POP.TOTL";462304330
"European Union";"EUU";"Surface area (sq. km)";"AG.SRF.TOTL.K2";4254345,475
"European Union";"EUU";"Population, total";"SP.POP.TOTL";447692315
"Fragile and conflict affected situations";"FCS";"Surface area (sq. km)";"AG.SRF.TOTL.K2";20757135,871
"Fragile and conflict affected situations";"FCS";"Population, total";"SP.POP.TOTL";979839336
"Heavily indebted poor countries (HIPC)";"HPC";"Surface area (sq. km)";"AG.SRF.TOTL.K2";19801755,871
"Heavily indebted poor countries (HIPC)";"HPC";"Population, total";"SP.POP.TOTL";838066650
"High income";"HIC";"Surface area (sq. km)";"AG.SRF.TOTL.K2";37715538,565
"High income";"HIC";"Population, total";"SP.POP.TOTL";1393950970
"IBRD only";"IBD";"Surface area (sq. km)";"AG.SRF.TOTL.K2";73008746,879
"IBRD only";"IBD";"Population, total";"SP.POP.TOTL";4866828116
"IDA & IBRD total";"IBT";"Surface area (sq. km)";"AG.SRF.TOTL.K2";98648759,75
"IDA & IBRD total";"IBT";"Population, total";"SP.POP.TOTL";6628629499
"IDA blend";"IDB";"Surface area (sq. km)";"AG.SRF.TOTL.K2";4459474
"IDA blend";"IDB";"Population, total";"SP.POP.TOTL";584212703
"IDA only";"IDX";"Surface area (sq. km)";"AG.SRF.TOTL.K2";21180538,871
"IDA only";"IDX";"Population, total";"SP.POP.TOTL";1177588680
"IDA total";"IDA";"Surface area (sq. km)";"AG.SRF.TOTL.K2";25640012,871
"IDA total";"IDA";"Population, total";"SP.POP.TOTL";1761801383
"Late-demographic dividend";"LTE";"Surface area (sq. km)";"AG.SRF.TOTL.K2";45779681,699
"Late-demographic dividend";"LTE";"Population, total";"SP.POP.TOTL";2318233156
"Latin America & Caribbean";"LCN";"Surface area (sq. km)";"AG.SRF.TOTL.K2";20523017,36
"Latin America & Caribbean";"LCN";"Population, total";"SP.POP.TOTL";650533026
"Latin America & Caribbean (excluding high income)";"LAC";"Surface area (sq. km)";"AG.SRF.TOTL.K2";18356325,36
"Latin America & Caribbean (excluding high income)";"LAC";"Population, total";"SP.POP.TOTL";588011178
"Latin America & the Caribbean (IDA & IBRD countries)";"TLA";"Surface area (sq. km)";"AG.SRF.TOTL.K2";20387535,36
"Latin America & the Caribbean (IDA & IBRD countries)";"TLA";"Population, total";"SP.POP.TOTL";634961078
"Least developed countries: UN classification";"LDC";"Surface area (sq. km)";"AG.SRF.TOTL.K2";20814208,871
"Least developed countries: UN classification";"LDC";"Population, total";"SP.POP.TOTL";1072970944
"Low & middle income";"LMY";"Surface area (sq. km)";"AG.SRF.TOTL.K2";96104449,75
"Low & middle income";"LMY";"Population, total";"SP.POP.TOTL";6398830423
"Low income";"LIC";"Surface area (sq. km)";"AG.SRF.TOTL.K2";15028977,871
"Low income";"LIC";"Population, total";"SP.POP.TOTL";667053670
"Lower middle income";"LMC";"Surface area (sq. km)";"AG.SRF.TOTL.K2";24782149,749
"Lower middle income";"LMC";"Population, total";"SP.POP.TOTL";2943860780
"Middle East & North Africa";"MEA";"Surface area (sq. km)";"AG.SRF.TOTL.K2";11385553,9
"Middle East & North Africa";"MEA";"Population, total";"SP.POP.TOTL";479966649
"Middle East & North Africa (excluding high income)";"MNA";"Surface area (sq. km)";"AG.SRF.TOTL.K2";8775231
"Middle East & North Africa (excluding high income)";"MNA";"Population, total";"SP.POP.TOTL";411810124
"Middle East & North Africa (IDA & IBRD countries)";"TMN";"Surface area (sq. km)";"AG.SRF.TOTL.K2";8769211
"Middle East & North Africa (IDA & IBRD countries)";"TMN";"Population, total";"SP.POP.TOTL";407006855
"Middle income";"MIC";"Surface area (sq. km)";"AG.SRF.TOTL.K2";81075471,879
"Middle income";"MIC";"Population, total";"SP.POP.TOTL";5731776753
"North America";"NAC";"Surface area (sq. km)";"AG.SRF.TOTL.K2";19715550
"North America";"NAC";"Population, total";"SP.POP.TOTL";369619464
"Not classified";"INX";"Surface area (sq. km)";"AG.SRF.TOTL.K2";".."
"Not classified";"INX";"Population, total";"SP.POP.TOTL";".."
"OECD members";"OED";"Surface area (sq. km)";"AG.SRF.TOTL.K2";37738493,225
"OECD members";"OED";"Population, total";"SP.POP.TOTL";1369502262
"Other small states";"OSS";"Surface area (sq. km)";"AG.SRF.TOTL.K2";2072793
"Other small states";"OSS";"Population, total";"SP.POP.TOTL";13853034
"Pacific island small states";"PSS";"Surface area (sq. km)";"AG.SRF.TOTL.K2";65150
"Pacific island small states";"PSS";"Population, total";"SP.POP.TOTL";2566819
"Post-demographic dividend";"PST";"Surface area (sq. km)";"AG.SRF.TOTL.K2";33547710,075
"Post-demographic dividend";"PST";"Population, total";"SP.POP.TOTL";1117530670
"Pre-demographic dividend";"PRE";"Surface area (sq. km)";"AG.SRF.TOTL.K2";20691221,327
"Pre-demographic dividend";"PRE";"Population, total";"SP.POP.TOTL";984213438
"Small states";"SST";"Surface area (sq. km)";"AG.SRF.TOTL.K2";2572933
"Small states";"SST";"Population, total";"SP.POP.TOTL";19526038
"South Asia";"SAS";"Surface area (sq. km)";"AG.SRF.TOTL.K2";5135270
"South Asia";"SAS";"Population, total";"SP.POP.TOTL";1882531620
"South Asia (IDA & IBRD)";"TSA";"Surface area (sq. km)";"AG.SRF.TOTL.K2";5135270
"South Asia (IDA & IBRD)";"TSA";"Population, total";"SP.POP.TOTL";1882531620
"Sub-Saharan Africa";"SSF";"Surface area (sq. km)";"AG.SRF.TOTL.K2";24328265,871
"Sub-Saharan Africa";"SSF";"Population, total";"SP.POP.TOTL";1151302081
"Sub-Saharan Africa (excluding high income)";"SSA";"Surface area (sq. km)";"AG.SRF.TOTL.K2";24327805,871
"Sub-Saharan Africa (excluding high income)";"SSA";"Population, total";"SP.POP.TOTL";1151203619
"Sub-Saharan Africa (IDA & IBRD countries)";"TSS";"Surface area (sq. km)";"AG.SRF.TOTL.K2";24328265,871
"Sub-Saharan Africa (IDA & IBRD countries)";"TSS";"Population, total";"SP.POP.TOTL";1151302081
"Upper middle income";"UMC";"Surface area (sq. km)";"AG.SRF.TOTL.K2";56293322,13
"Upper middle income";"UMC";"Population, total";"SP.POP.TOTL";2787915973
"World";"WLD";"Surface area (sq. km)";"AG.SRF.TOTL.K2";134732038,315
"World";"WLD";"Population, total";"SP.POP.TOTL";7821271846
